source,base,target,model,r2,rmse,mae,file
hls,D5,CP,gb,-0.34481563264854015,1.7621378688518718,1.5305107010368002,/workspace/reports/exp01_hls_D5_CP_gb.csv
hlsIDX,D5,TDN_based_ADF,xgb,0.006816180884063853,3.980881995785466,3.1958454067057778,/workspace/reports/exp01_hlsIDX_D5_TDN_based_ADF_xgb.csv
hls,D7,CP,xgb,-0.2702961112041686,1.7931748909304155,1.501464460406875,/workspace/reports/exp01_hls_D7_CP_xgb.csv
hls,D7,TDN_based_ADF,xgb,0.17369074096361264,3.744525556685938,3.050105875552133,/workspace/reports/exp01_hls_D7_TDN_based_ADF_xgb.csv
hls,RAW,CP,xgb,-0.6199775054645832,2.063504595323275,1.7659780381409873,/workspace/reports/exp01_hls_RAW_CP_xgb.csv
hls,RAW,TDN_based_ADF,gb,0.1705788285024782,3.8470358170203185,3.1344925503638437,/workspace/reports/exp01_hls_RAW_TDN_based_ADF_gb.csv
